-- One admin user, named admin1 with passwor 4dm1n and authority admin
INSERT INTO authorities(id,authority) VALUES (1,'ADMIN');
INSERT INTO appusers(id,username,password,authority) VALUES (1,'admin1','$2a$10$nMmTWAhPTqXqLDJTag3prumFrAJpsYtroxf0ojesFYq0k4PmcbWUS',1);

-- Three clinic owners, with password "clinic_owner"
INSERT INTO authorities(id,authority) VALUES (2,'CLINIC_OWNER');
INSERT INTO appusers(id,username,password,authority) VALUES (2,'clinicOwner1','$2a$10$t.I/C4cjUdUWzqlFlSddLeh9SbZ6d8wR7mdbeIRghT355/KRKZPAi',2);
INSERT INTO appusers(id,username,password,authority) VALUES (3,'clinicOwner2','$2a$10$t.I/C4cjUdUWzqlFlSddLeh9SbZ6d8wR7mdbeIRghT355/KRKZPAi',2);

INSERT INTO clinic_owners(id,first_name,last_name,user_id) VALUES (1, 'John', 'Doe', 2);
INSERT INTO clinic_owners(id,first_name,last_name,user_id) VALUES (2, 'Jane', 'Doe', 3);

INSERT INTO clinics(id, name, address, telephone, plan, clinic_owner) VALUES (1, 'Clinic 1', 'Av. Palmera, 26', '955684230', 'PLATINUM', 1);
INSERT INTO clinics(id, name, address, telephone, plan, clinic_owner) VALUES (2, 'Clinic 2', 'Av. Torneo, 52', '955634232', 'GOLD', 2);
INSERT INTO clinics(id, name, address, telephone, plan, clinic_owner) VALUES (3, 'Clinic 3', 'Av. Reina Mercedes, 70', '955382238', 'BASIC', 2);

-- Ten owner user, named owner1 with passwor 0wn3r
INSERT INTO authorities(id,authority) VALUES (3,'OWNER');
INSERT INTO appusers(id,username,password,authority) VALUES (4,'owner1','$2a$10$DaS6KIEfF5CRTFrxIoGc7emY3BpZZ0.fVjwA3NiJ.BjpGNmocaS3e',3);
INSERT INTO appusers(id,username,password,authority) VALUES (5,'owner2','$2a$10$DaS6KIEfF5CRTFrxIoGc7emY3BpZZ0.fVjwA3NiJ.BjpGNmocaS3e',3);
INSERT INTO appusers(id,username,password,authority) VALUES (6,'owner3','$2a$10$DaS6KIEfF5CRTFrxIoGc7emY3BpZZ0.fVjwA3NiJ.BjpGNmocaS3e',3);
INSERT INTO appusers(id,username,password,authority) VALUES (7,'owner4','$2a$10$DaS6KIEfF5CRTFrxIoGc7emY3BpZZ0.fVjwA3NiJ.BjpGNmocaS3e',3);
INSERT INTO appusers(id,username,password,authority) VALUES (8,'owner5','$2a$10$DaS6KIEfF5CRTFrxIoGc7emY3BpZZ0.fVjwA3NiJ.BjpGNmocaS3e',3);
INSERT INTO appusers(id,username,password,authority) VALUES (9,'owner6','$2a$10$DaS6KIEfF5CRTFrxIoGc7emY3BpZZ0.fVjwA3NiJ.BjpGNmocaS3e',3);
INSERT INTO appusers(id,username,password,authority) VALUES (10,'owner7','$2a$10$DaS6KIEfF5CRTFrxIoGc7emY3BpZZ0.fVjwA3NiJ.BjpGNmocaS3e',3);
INSERT INTO appusers(id,username,password,authority) VALUES (11,'owner8','$2a$10$DaS6KIEfF5CRTFrxIoGc7emY3BpZZ0.fVjwA3NiJ.BjpGNmocaS3e',3);
INSERT INTO appusers(id,username,password,authority) VALUES (12,'owner9','$2a$10$DaS6KIEfF5CRTFrxIoGc7emY3BpZZ0.fVjwA3NiJ.BjpGNmocaS3e',3);
INSERT INTO appusers(id,username,password,authority) VALUES (13,'owner10','$2a$10$DaS6KIEfF5CRTFrxIoGc7emY3BpZZ0.fVjwA3NiJ.BjpGNmocaS3e',3);

INSERT INTO	owners(id, first_name, last_name, address, city, telephone, user_id, clinic) VALUES (1, 'George', 'Franklin', '110 W. Liberty St.', 'Sevilla', '608555103', 4, 1);
INSERT INTO owners(id, first_name, last_name, address, city, telephone, user_id, clinic) VALUES (2, 'Betty', 'Davis', '638 Cardinal Ave.', 'Sevilla', '608555174', 5, 1);
INSERT INTO owners(id, first_name, last_name, address, city, telephone, user_id, clinic) VALUES (3, 'Eduardo', 'Rodriquez', '2693 Commerce St.', 'Sevilla', '608558763', 6, 1);
INSERT INTO owners(id, first_name, last_name, address, city, telephone, user_id, clinic) VALUES (4, 'Harold', 'Davis', '563 Friendly St.', 'Sevilla', '608555319', 7, 2);
INSERT INTO owners(id, first_name, last_name, address, city, telephone, user_id, clinic) VALUES (5, 'Peter', 'McTavish', '2387 S. Fair Way', 'Sevilla', '608555765', 8, 2);
INSERT INTO owners(id, first_name, last_name, address, city, telephone, user_id, clinic) VALUES (6, 'Jean', 'Coleman', '105 N. Lake St.', 'Badajoz', '608555264', 9, 2);
INSERT INTO owners(id, first_name, last_name, address, city, telephone, user_id, clinic) VALUES (7, 'Jeff', 'Black', '1450 Oak Blvd.', 'Badajoz', '608555538', 10, 3);
INSERT INTO owners(id, first_name, last_name, address, city, telephone, user_id, clinic) VALUES (8, 'Maria', 'Escobito', '345 Maple St.', 'Badajoz', '608557683', 11, 3);
INSERT INTO owners(id, first_name, last_name, address, city, telephone, user_id, clinic) VALUES (9, 'David', 'Schroeder', '2749 Blackhawk Trail','Cádiz', '685559435', 12, 3);
INSERT INTO owners(id, first_name, last_name, address, city, telephone, user_id, clinic) VALUES (10, 'Carlos', 'Estaban', '2335 Independence La.', 'Cádiz', '685555487', 13, 1);

INSERT INTO authorities(id,authority) VALUES (5,'PLAYER');